Real_0,Real_1,Real_2,Real_3,Real_4,Real_5,Real_6,Real_7,Real_8,Real_9,Real_10,Real_11,Real_12,Real_13,Real_14,Real_15,Real_16,Real_17,Real_18,Real_19,Real_20,Real_21,Real_22,Real_23,Real_24,Real_25,Real_26,Real_27,Real_28,Real_29,Real_30,Real_31,Real_32,Real_33,Real_34,Real_35,Real_36,Real_37,Real_38,Real_39,Real_40,Real_41,Real_42,Real_43,Real_44,Real_45,Real_46,Real_47,Real_48,Real_49,Real_50,Real_51,Real_52,Real_53,Real_54,Real_55,Real_56,Real_57,Real_58,Real_59,Real_60,Real_61,Real_62,Real_63,Real_64,Real_65,Real_66,Real_67,Real_68,Real_69,Real_70,Real_71,Real_72,Real_73,Real_74,Real_75,Real_76,Real_77,Real_78,Real_79,Real_80,Real_81,Real_82,Real_83,Real_84,Real_85,Real_86,Real_87,Real_88,Real_89,Real_90,Real_91,Real_92,Real_93,Real_94,Real_95,Real_96,Real_97,Real_98,Real_99,Real_100,Real_101,Real_102,Real_103,Real_104,Real_105,Real_106,Real_107,Real_108,Real_109,Real_110,Real_111,Real_112,Real_113,Real_114,Real_115,Real_116,Real_117,Real_118,Real_119,Real_120,Real_121,Real_122,Real_123,Real_124,Real_125,Real_126,Real_127,Real_128,Real_129,Real_130,Real_131,Real_132,Real_133,Real_134,Real_135,Real_136,Real_137,Real_138,Real_139,Real_140,Real_141,Real_142,Real_143,Real_144,Real_145,Real_146,Real_147,Real_148,Real_149,Real_150,Real_151,Real_152,Real_153,Real_154,Real_155,Real_156,Real_157,Real_158,Real_159,Real_160,Real_161,Real_162,Real_163,Real_164,Real_165,Real_166,Real_167,Real_168,Real_169,Real_170,Real_171,Real_172,Real_173,Real_174,Real_175,Real_176,Real_177,Real_178,Real_179,Real_180,Real_181,Real_182,Real_183,Real_184,Real_185,Real_186,Real_187,Real_188,Real_189,Real_190,Real_191,Real_192,Real_193,Real_194,Real_195,Real_196,Real_197,Real_198,Real_199,X,Y,Z
-527.9247516936897,-527.9247516936897,-527.9247516936897,-527.9247516936897,-527.9247516936897,-527.9247516936897,-527.9247516936897,-527.9247516936897,-527.9247516936897,-527.9247516936897,-527.9247516936897,-527.9247516936897,-527.9247516936897,-527.9247516936897,-527.9247516936897,-527.9247516936897,-527.9247516936897,-527.9247516936897,-527.9247516936897,-527.9247516936897,-527.9247516936897,-527.9247516936897,-527.9247516936897,-527.9247516936897,-527.9247516936897,-527.9247516936897,-527.9247516936897,-527.9247516936897,-527.9247516936897,-527.9247516936897,-527.9247516936897,-527.9247516936897,-527.9247516936897,-527.9247516936897,-527.9247516936897,-527.9247516936897,-527.9247516936897,-527.9247516936897,-527.9247516936897,-527.9247516936897,-527.9247516936897,-527.9247516936897,-527.9247516936897,-527.9247516936897,-527.9247516936897,-527.9247516936897,-527.9247516936897,-527.9247516936897,-527.9247516936897,-527.9247516936897,-527.9247516936897,-527.9247516936897,-527.9247516936897,-527.9247516936897,-527.9247516936897,-527.9247516936897,-527.9247516936897,-527.9247516936897,-527.9247516936897,-527.9247516936897,-527.9247516936897,-527.9247516936897,-527.9247516936897,-527.9247516936897,-527.9247516936897,-527.9247516936897,-527.9247516936897,-527.9247516936897,-527.9247516936897,-527.9247516936897,-527.9247516936897,-527.9247516936897,-527.9247516936897,-527.9247516936897,-527.9247516936897,-527.9247516936897,-527.9247516936897,-527.9247516936897,-527.9247516936897,-527.9247516936897,-527.9247516936897,-527.9247516936897,-527.9247516936897,-527.9247516936897,-527.9247516936897,-527.9247516936897,-527.9247516936897,-527.9247516936897,-527.9247516936897,-527.9247516936897,-527.9247516936897,-527.9247516936897,-527.9247516936897,-527.9247516936897,-527.9247516936897,-527.9247516936897,-527.9247516936897,-527.9247516936897,-527.9247516936897,-527.9247516936897,-527.9247516936897,-527.9247516936897,-527.9247516936897,-527.9247516936897,-527.9247516936897,-527.9247516936897,-527.9247516936897,-527.9247516936897,-527.9247516936897,-527.9247516936897,-527.9247516936897,-527.9247516936897,-527.9247516936897,-527.9247516936897,-527.9247516936897,-527.9247516936897,-527.9247516936897,-527.9247516936897,-527.9247516936897,-527.9247516936897,-527.9247516936897,-527.9247516936897,-527.9247516936897,-527.9247516936897,-527.9247516936897,-527.9247516936897,-527.9247516936897,-527.9247516936897,-527.9247516936897,-527.9247516936897,-527.9247516936897,-527.9247516936897,-527.9247516936897,-527.9247516936897,-527.9247516936897,-527.9247516936897,-527.9247516936897,-527.9247516936897,-527.9247516936897,-527.9247516936897,-527.9247516936897,-527.9247516936897,-527.9247516936897,-527.9247516936897,-527.9247516936897,-527.9247516936897,-527.9247516936897,-527.9247516936897,-527.9247516936897,-527.9247516936897,-527.9247516936897,-527.9247516936897,-527.9247516936897,-527.9247516936897,-527.9247516936897,-527.9247516936897,-527.9247516936897,-527.9247516936897,-527.9247516936897,-527.9247516936897,-527.9247516936897,-527.9247516936897,-527.9247516936897,-527.9247516936897,-527.9247516936897,-527.9247516936897,-527.9247516936897,-527.9247516936897,-527.9247516936897,-527.9247516936897,-527.9247516936897,-527.9247516936897,-527.9247516936897,-527.9247516936897,-527.9247516936897,-527.9247516936897,-527.9247516936897,-527.9247516936897,-527.9247516936897,-527.9247516936897,-527.9247516936897,-527.9247516936897,-527.9247516936897,-527.9247516936897,-527.9247516936897,-527.9247516936897,-527.9247516936897,-527.9247516936897,-527.9247516936897,-527.9247516936897,-527.9247516936897,-527.9247516936897,-527.9247516936897,-527.9247516936897,-527.9247516936897,-527.9247516936897,-527.9247516936897,-527.9247516936897,-527.9247516936897,-527.9247516936897,26868.68686868687,2000.0,726.1270060630925
-529.1820585406701,-529.1818806587522,-529.3300717916209,-529.0391059022941,-529.1575594155954,-529.0809259629212,-529.0200570189704,-529.1818808176386,-529.0849765728607,-529.0200570189704,-529.0954625257667,-529.1575594354122,-529.1575592416983,-529.1419427747729,-529.0293694659359,-529.1575749710828,-529.3151010409418,-529.6504937776372,-529.0554360846106,-529.1419728401111,-529.0872023422229,-529.1419728401083,-529.1804396254096,-529.1578007834136,-529.0550455976781,-529.1419538718418,-529.196295836146,-529.0211300088721,-529.1419728401083,-529.1800614487811,-529.157559435412,-529.0984056996598,-529.138750826774,-529.0234558576466,-529.1967510016203,-529.1575594353341,-529.1419728401083,-529.1575594473892,-529.066952911411,-529.0200570189704,-529.0342495065797,-529.021129920584,-529.1575594354122,-529.1077163338825,-529.435119911897,-529.1419728401083,-529.0331778111589,-529.1417330281412,-529.0521710635754,-529.1232909643513,-529.1818808174457,-529.3206567430234,-529.0753484739863,-529.0580841747445,-529.0580845813231,-529.0943547812993,-529.0457346085249,-529.0851272060869,-529.2193029256985,-529.180076560524,-529.1575594354795,-529.157559435412,-529.1263681823101,-529.1739387206043,-529.2193029369095,-529.0331777845608,-529.1079321523699,-529.2286111248258,-529.0973351179141,-529.1419728401083,-529.1419728401083,-529.2193024968119,-529.0999306449202,-529.1077181477791,-529.0552464449472,-529.1575594322403,-529.054153740669,-529.1419728401083,-529.181880817633,-529.038753411691,-529.1419728633159,-529.1575594354122,-529.0200570189704,-529.1575594354285,-529.0550406915039,-529.044655186422,-529.1419728299181,-529.0200570189704,-529.0797230696203,-528.9929832418782,-529.0200570189704,-529.6449593276111,-529.0944585370067,-529.157433561749,-529.0200570189704,-529.0201655993336,-529.1419728401083,-529.0457282370032,-529.1071185794315,-529.2832345744196,-529.0200570189801,-529.1575594354128,-529.0580842640031,-529.0580253924734,-529.1575594362963,-529.5844116446768,-529.0211322305026,-529.021143186976,-529.1233236680544,-529.1419728401083,-529.1545159115436,-529.0946812026124,-529.047872291088,-529.2193029371296,-529.1419728413085,-529.1575594354326,-529.0550406964787,-529.0550406964838,-529.1413422847353,-529.1077632290992,-529.0331786806229,-529.0973326420337,-529.1419728401083,-529.2193062478401,-529.1575594299619,-529.0390985629975,-529.1419708061484,-529.0200570189704,-529.0580842640072,-528.9826349028511,-529.0449925069859,-529.181880817633,-529.1569691444658,-529.2174742161161,-529.1066454286399,-529.1419728401083,-529.181880817633,-529.039096085364,-529.1575594354122,-529.1263672766227,-529.0200570189704,-529.0332189693944,-529.021471796516,-529.0898180186622,-529.1419728401083,-529.8139304628196,-529.2847983234761,-529.0200581675742,-529.5851331316941,-529.1233258362471,-529.2953148147735,-529.4888342772883,-529.157559435662,-529.3660047960434,-529.1810793740816,-529.1419728401181,-529.181880817633,-529.1575591027993,-529.2193029369095,-529.0200570189763,-529.157571818938,-529.0577954658464,-529.1419728401083,-529.0980128400829,-529.1402356675513,-529.1419728401083,-529.181880817633,-529.0331777863046,-529.0943370374779,-529.5518116662583,-529.1782153943818,-529.0329920987999,-529.0850372481441,-529.0580842640051,-529.5047969611336,-529.0736712424102,-529.1580898059138,-529.0200570189704,-529.0445367787871,-529.5574180569981,-529.1800149184322,-529.0276736637758,-529.0200759985432,-529.1263695272569,-529.157559425677,-529.1616457653256,-529.1255382918293,-529.4142314889864,-529.1077191346365,-529.0211300765505,-529.0588573117753,-529.1419731276751,-529.0389213343573,-529.0943800895296,-529.3269152702533,-529.1419427808514,-529.1575568214172,-529.1421844438975,-529.1407282124735,-529.1419691785529,9050.505050505051,4285.714285714286,692.7406515201487
-528.1071914846111,-528.1380490465199,-528.3488006394844,-527.7704136862621,-528.1479435462123,-527.9477166591062,-527.3968989349574,-528.1444098094397,-527.9570928981763,-527.4109190684339,-527.9558823698077,-528.0523611474581,-528.0622731444955,-528.0610580112258,-527.6366715195453,-528.052986670676,-528.2450153750699,-528.5120106519922,-527.901976851795,-528.0753399236131,-527.9704747298028,-528.0449850718275,-528.2346347532812,-528.0280777144045,-527.7070999750317,-528.0308632713158,-528.1844878056759,-527.8825666777798,-528.0671103726581,-528.0699466621076,-528.0759677787343,-527.9529091972863,-527.9589231230137,-527.5772270587007,-528.1966504452074,-528.0366619163111,-528.0109823012145,-528.0807269730057,-527.7151676369639,-527.8189975122274,-527.7552218967194,-527.7552210241547,-528.0455153102836,-527.9558823470883,-528.3286543672898,-528.0582773009073,-527.3850327088059,-528.0357021169839,-527.9809845243972,-527.9558738501601,-528.0934725008275,-528.1444228267808,-527.7151642740715,-527.9801804269716,-527.9723882196065,-528.0077589359344,-527.9365855474458,-527.9406898971596,-528.1738089399422,-528.0849865277213,-528.0879299833326,-528.0125550182968,-528.0659493694773,-528.0609194834832,-528.1101857347642,-527.8652350526814,-527.9540391944292,-528.3483812882279,-527.6944963628553,-528.0210961460967,-528.0744412309377,-528.0743663414578,-527.937646087578,-527.8830088010608,-527.7704207456009,-528.0357020326683,-527.9558823470871,-528.0512160187197,-528.1128828450491,-527.8956512006343,-528.0108030578624,-528.1012118950442,-527.4773865387691,-528.0531812182951,-527.9714688024293,-527.9365705530788,-528.036400525478,-527.6999753283304,-527.8823499387893,-527.3475964669325,-527.4553070395848,-528.390203033929,-527.9814237055527,-528.0106126171486,-527.410919112035,-527.4697004631867,-528.0591390208683,-527.9365605587269,-527.9609349721243,-528.140980522816,-527.9365606803394,-528.0898921549265,-527.9884471964845,-527.9571898840803,-528.1087417852146,-528.4114599123751,-527.9570956439893,-527.9365732725904,-527.9589259146154,-528.0359463640235,-527.9589824480504,-528.0095254800904,-527.9681715132346,-528.1590710747764,-528.0531814580604,-528.0997891876377,-527.9714689423909,-527.9406899114799,-528.0621593272715,-527.7704941580621,-527.636763936525,-527.7182113481852,-527.993228918323,-528.1321963364531,-528.0538543784367,-527.6896797452844,-528.0109336969415,-527.6999753283304,-527.9558933855348,-527.268966803445,-527.936573272154,-528.097490552368,-528.0655166496297,-528.1437394014797,-527.9560346938509,-528.0216697180466,-528.1396596529485,-527.4689072092942,-528.0888289935941,-528.0009927842812,-527.6133929293695,-527.9365635004782,-527.883904403347,-527.9369206148845,-528.0108030745711,-528.6827055681553,-528.1661663155325,-527.3889094628029,-528.359819719767,-527.9830038758718,-528.2695500859166,-528.409037242756,-528.0356087791438,-528.1639044841669,-528.0619203391864,-528.0472046979704,-528.0336993117114,-528.0037422995654,-528.1079862648692,-527.6999744404304,-528.0407105872135,-527.955882357563,-528.0646582581033,-527.9884504832282,-527.9806735778656,-528.050958244951,-528.1013620793723,-527.3728389025799,-527.9733215630877,-528.3058892001907,-528.0608648391084,-527.896810898366,-528.0174331399809,-527.9594307968856,-528.2865301194679,-527.9722482468969,-528.1196046389185,-527.6999753283304,-527.9567125103058,-528.4016872987287,-528.0586993702203,-527.9733097145729,-527.935351290198,-528.0040497490658,-528.1106279713407,-528.1707675184254,-528.0160198781344,-528.5187046832133,-527.9714682304866,-527.6872824427733,-527.9681484521375,-528.1190239363109,-527.636652715333,-527.9479869042373,-528.2919676408858,-528.0357021002924,-528.0357021171233,-528.0902197226271,-528.050923460915,-527.9790375792851,9333.333333333334,10000.0,784.8639800384365
-529.5932327727364,-529.5228023441283,-529.8045228844153,-529.2600749879364,-529.6195054647578,-529.2600748752172,-529.1502891663157,-529.7495194454561,-529.2656305176762,-529.1324621075585,-529.3681387045976,-529.3467686419283,-529.5965329659025,-529.5963454341779,-529.2600748752168,-529.4877354514268,-529.7078011226109,-530.1204478921371,-529.2600748752172,-529.6776297928903,-529.2808291599514,-529.434223131962,-529.7084765658916,-529.4029261101626,-529.2600749345143,-529.3796708029494,-529.6346979073134,-529.2656305176762,-529.4630894902135,-529.3842407830454,-529.3710522281916,-529.2656334081393,-529.341019392893,-529.1642767856795,-529.773130904302,-529.4391727517105,-529.36125516573,-529.5580762495522,-529.2600748752172,-529.2600748752172,-529.2600748752172,-529.2600748752172,-529.3373129231106,-529.3208010547694,-530.0414555569271,-529.4516725170442,-529.1642767856795,-529.4255760370688,-529.3153969025849,-529.2756509552983,-529.5000650415622,-529.634697907456,-529.2600748752172,-529.3455275373153,-529.3360681889174,-529.3360681899364,-529.2600748752172,-529.3426294674341,-529.6868790610788,-529.5071938929545,-529.692887577366,-529.3341334275148,-529.4735873035283,-529.4608838719168,-529.6346823373597,-529.2600748752172,-529.2752673251159,-529.9529782535323,-529.2600748752172,-529.422998234679,-529.5646162968907,-529.4730752900945,-529.2608541880293,-529.2600748752172,-529.2752673250573,-529.5831348015116,-529.3361944147555,-529.2922750883871,-529.6346925444357,-529.2600748752172,-529.3315856060484,-529.5071941309869,-529.1642767856795,-529.4674789969497,-529.3361653453525,-529.2600748752172,-529.5589213961816,-529.2600748752172,-529.2829305343938,-529.1249746211406,-529.2600748752172,-530.0801389423165,-529.3208757396192,-529.3693742202578,-529.0399708102502,-529.2600748752172,-529.4768439747899,-529.2608680270778,-529.2600748752172,-529.5780475612111,-529.2600748752172,-529.5035379768663,-529.2600748752172,-529.3283332726086,-529.4926812747209,-530.094574965454,-529.2808229675162,-529.2600748867511,-529.2660903773328,-529.5913525940098,-529.3647740891209,-529.4334158762715,-529.2600748752172,-529.7153898229085,-529.4678818035425,-529.608043664679,-529.3427730084055,-529.3513710131731,-529.4423075935213,-529.2600748768251,-529.260074699619,-529.2600748752172,-529.4340529346513,-529.6173404211514,-529.4451259882951,-529.2656305176762,-529.3372369542507,-529.1642981016292,-529.3731393242081,-528.8829087265118,-529.2600748752172,-529.4671748315054,-529.4323142143387,-529.7499511414989,-529.3360681894542,-529.3609723065715,-529.5780826778985,-529.2567514744267,-529.6224545583352,-529.2600748770843,-529.1642767856795,-529.2600748752172,-529.2600748752172,-529.2752678481373,-529.3371412470401,-530.0365087500106,-529.6347136102979,-529.1642767857112,-530.0481031800996,-529.3853393652726,-529.8422126762524,-529.9813622352776,-529.3371482308442,-529.6359598100138,-529.5610497123454,-529.4364697902138,-529.461543578081,-529.4823519823766,-529.5996343268987,-529.1417745552267,-529.5376105175362,-529.336068189489,-529.5415292862889,-529.2600785719751,-529.3354627987826,-529.4554581315473,-529.6039718813544,-529.0950399883548,-529.3360681894588,-529.8254565152224,-529.6060353860189,-529.2752485533933,-529.3488286621518,-529.2600750113418,-529.8208543881684,-529.3603198480656,-529.5840024453556,-529.2600748752172,-529.3360681894588,-530.0801200565398,-529.4609965393029,-529.2600748752172,-529.2600748752172,-529.4239530416655,-529.6932995681822,-529.6373265350275,-529.3620215758054,-529.8618115385137,-529.3410192219455,-529.2600748752172,-529.2752673250573,-529.5178512159611,-529.1642767810708,-529.3552279419918,-529.7084931748402,-529.4257555802525,-529.4279381240992,-529.577590035422,-529.4612889211033,-529.2752673251963,9050.505050505051,13428.57142857143,781.5031029399279
-539.2413205338883,-539.2413205338883,-539.2413205338883,-539.2413205338883,-539.2413205338883,-539.2413205338883,-539.2413205338883,-539.2413205338883,-539.2413205338883,-539.238905174726,-539.2413205338883,-539.2413205338883,-539.2413205338883,-539.2413205338883,-539.2413205338883,-539.2413205338883,-539.2413205338883,-539.2413205338883,-539.2413205338883,-539.2413205338883,-539.2413158728591,-539.2413205338883,-539.2413205338883,-539.2413205338883,-539.2413205338883,-539.2413205338883,-539.2413205338883,-539.2413205338883,-539.2413205338883,-539.2413205338883,-539.2413205338883,-539.2413205338883,-539.2413205338883,-539.2413205338883,-539.2413205338883,-539.2413205338883,-539.2413205338883,-539.2413205338883,-539.2413205338883,-539.2413205338883,-539.2413205338883,-539.2413205338883,-539.2413205338883,-539.2413205338883,-539.2413205338883,-539.2413205338883,-539.2413205338883,-539.2413205338883,-539.2413205338883,-539.2413205338883,-539.2413205338883,-539.2413205338883,-539.2413205338883,-539.2413205338883,-539.2413205338883,-539.2413205338883,-539.2413205338883,-539.2413205338883,-539.2413205338883,-539.2413205338883,-539.2413205338883,-539.2413205338883,-539.2413205338883,-539.2413205338883,-539.2413205338883,-539.2413205338883,-539.2413205338883,-539.2413205338883,-539.2398470619904,-539.2413205338883,-539.2413205338883,-539.2413205338883,-539.2413205338883,-539.2413205338883,-539.2413205338883,-539.2413205338883,-539.2413205338883,-539.2413205338883,-539.2413205338883,-539.2413205338883,-539.2413205338883,-539.2413205338883,-539.2413205338883,-539.2413205338883,-539.2413205338883,-539.2413205338883,-539.2413205338883,-539.2413205338883,-539.2413205338883,-539.2413205338883,-539.2413205338883,-539.2413205338883,-539.2413205338883,-539.2413205338883,-539.2413205338883,-539.2413205338883,-539.2413205338883,-539.2413205338883,-539.2413205338883,-539.2413205338883,-539.2398470619904,-539.2413205338883,-539.2413205338883,-539.2413205338883,-539.2413205338883,-539.2413205338883,-539.2413205338883,-539.2413205338883,-539.2413205338883,-539.2413205338883,-539.2413205338883,-539.2413205338883,-539.2413205338883,-539.2413205338883,-539.2413205338883,-539.2413205338883,-539.2413205338883,-539.2413205338883,-539.2413205338883,-539.2413205338883,-539.2413205338883,-539.2413205338883,-539.2413205338883,-539.2413205338883,-539.2413205338883,-539.2413205338883,-539.2413205338883,-539.2413205338883,-539.2413205338883,-539.2413205338883,-539.2404702696576,-539.2413205338883,-539.2413205338883,-539.2413205338883,-539.2413205338883,-539.2413205338883,-539.2413205338883,-539.2413205338883,-539.2413205338883,-539.2413205338883,-539.2413205338883,-539.2413205338883,-539.2413205338883,-539.2413205338883,-539.2413205338883,-539.2413205338883,-539.2413205338883,-539.2413205338883,-539.2413205338883,-539.2413205338883,-539.2413205338883,-539.2413205338883,-539.2413205338883,-539.2413205338883,-539.2413205338883,-539.2413205338883,-539.2413205338883,-539.2413205338883,-539.2413205338883,-539.2398470619901,-539.2413205338883,-539.2413205338883,-539.2413205338883,-539.2413205338883,-539.2413205338883,-539.2413205338883,-539.2413205338883,-539.2413205338883,-539.2413205338883,-539.2413205338883,-539.2413205338883,-539.2413205338883,-539.2413205338883,-539.2413205338883,-539.2413205338883,-539.2413205338883,-539.2413205338883,-539.2413205338883,-539.2413205338883,-539.2413205338883,-539.2413205338883,-539.2413205338883,-539.2413205338883,-539.2413205338883,-539.2413205338883,-539.2413205338883,-539.2413205338883,-539.2413205338883,-539.2413205338883,-539.2413205338883,-539.2413205338883,-539.2413205338883,-539.2413205338883,-539.2413205338883,-539.2413205338883,-539.2413205338883,-539.2413205338883,-539.2413205338883,-539.2413205338883,-539.2413205338883,1696.969696969697,10571.428571428572,864.1518419855073
-529.6705229890392,-529.7137899383396,-529.7874437702324,-529.6198951937288,-529.67017792709,-529.6198951937288,-529.6198951937288,-529.698936179516,-529.6327557996458,-529.6198951937288,-529.6327558073912,-529.6327558073879,-529.6701779266643,-529.6701779266643,-529.6198951937288,-529.6701779266645,-529.7076000459407,-529.998604395049,-529.6327558073879,-529.6701779266643,-529.6198951937288,-529.6572424598819,-529.6701779266873,-529.6701779266525,-529.6327558073879,-529.6701668329944,-529.7862483359323,-529.6198951937288,-529.6701779266643,-529.6701779086854,-529.632755806702,-529.6327558073879,-529.6327558073879,-529.6198951937288,-529.8112801089216,-529.6700596051759,-529.6327558073879,-529.6701779266643,-529.6198951937288,-529.6198951937288,-529.6327558073879,-529.6327558073879,-529.6327558073879,-529.6327558073879,-529.7442513437245,-529.6701773588086,-529.6198951937288,-529.6701590256712,-529.6327558073879,-529.6327558073879,-529.6701779266643,-529.7511959904799,-529.6327558073879,-529.6327558073879,-529.6198951937288,-529.6327558073879,-529.6327558073879,-529.6327558073879,-529.750021650578,-529.6701779266643,-529.6701779266643,-529.6327558073879,-529.6701779266643,-529.6701779266643,-529.7345191011698,-529.573314654201,-529.6327558073879,-529.7657566210922,-529.6198951937288,-529.6701774800235,-529.6701779266635,-529.6701779266643,-529.6198951937288,-529.6327558073876,-529.6327558073879,-529.6701779266643,-529.6327558073879,-529.6327558073879,-529.7076006323886,-529.6327558073879,-529.6327558073879,-529.6701779266643,-529.4080901565101,-529.670177926653,-529.6327558073879,-529.6198951937288,-529.6701779266643,-529.6198951937288,-529.6327558073879,-529.5604985469629,-529.6198951937288,-529.998604395049,-529.6327558073879,-529.6327558074198,-529.5291109380825,-529.5604540378964,-529.6701779266643,-529.6327558073879,-529.6327558073879,-529.7076000459729,-529.6327558073879,-529.6701779266643,-529.6327558073879,-529.6327558042071,-529.6701779266643,-529.9716851323733,-529.6327558073879,-529.6198951937288,-529.6198951937288,-529.6701779266643,-529.6327558073879,-529.6530346882755,-529.6327558073879,-529.6970971898814,-529.6701779266643,-529.6701779266643,-529.6327558073879,-529.6327558073879,-529.6701779265562,-529.6327558073879,-529.6198951937288,-529.6198951937288,-529.6687261231885,-529.7076001148428,-529.6701770924738,-529.6198951937288,-529.6327558073879,-529.6327558073879,-529.6336627146908,-529.4313160814336,-529.6198951937288,-529.6701779266643,-529.6701618948499,-529.7075338949877,-529.6327558073879,-529.6198951937288,-529.6702162257991,-529.6198951937288,-529.6701779266643,-529.6327558073879,-529.6198951937288,-529.6327558073879,-529.6327558073879,-529.6327558073879,-529.6327558073879,-529.998604395049,-529.7948759741997,-529.6198951937288,-529.9716851328087,-529.6327560139639,-529.7137899405028,-529.8591926928888,-529.6327558073879,-529.7595045695889,-529.6701779266643,-529.6573173114582,-529.6701779266463,-529.6327558073879,-529.7345141870088,-529.5604540405419,-529.6701779266643,-529.6327558073879,-529.6701779266643,-529.6327558073879,-529.6327558073879,-529.6701779266633,-529.6701779266643,-529.6198951937288,-529.6327558073879,-529.9716851323723,-529.6701779266643,-529.6327558073879,-529.6198951937288,-529.6327558073879,-529.7967562177078,-529.6327558073879,-529.6701779266643,-529.6327558073879,-529.6327558073879,-529.9716851323401,-529.670177926664,-529.6327558073879,-529.6198951937288,-529.6336915250467,-529.6701779266643,-529.7231779447295,-529.6327558073888,-529.8421314189712,-529.6327529713428,-529.6198951937288,-529.6327558073879,-529.6701779266643,-529.5604540405283,-529.6198951937288,-529.7169124935677,-529.6327558073879,-529.6701778986161,-529.6701779266643,-529.6701779266643,-529.6327558073879,8767.676767676769,7428.571428571428,860.9562568193834
-531.9498684627569,-531.9872937312655,-532.0321718373922,-531.8325183662247,-531.9947497181157,-531.8325183662243,-531.4367834822342,-532.0090922294715,-531.8325183662243,-531.7950962469479,-531.9342818714005,-531.9498559316357,-531.9498663808878,-531.9788179654627,-531.8325183662243,-531.9498684628579,-531.9872905820333,-532.0321718373922,-531.8325183706706,-531.9124466396756,-531.8594376289001,-531.8968597482659,-532.0321718373922,-532.0321718373922,-531.8594145021403,-531.9497697712756,-532.0321718373922,-531.8325260398145,-531.9814506297622,-532.0165852420884,-531.8750242256964,-531.8220155096236,-531.8750241019255,-531.7950962469479,-532.0321718373922,-531.9124463434632,-531.9123373650506,-532.0321718373922,-531.6992981574101,-531.8325183662243,-531.7950962469479,-531.8325183662243,-531.8968597481766,-531.8594376289001,-532.0321718373922,-531.949868472486,-531.5118247581952,-531.9124463416658,-531.8968597481766,-531.8968597440763,-531.9498687317337,-532.0321718373922,-531.7950962469479,-531.8969356752397,-531.8594376289001,-531.8594376288985,-531.8325184883005,-531.9124462698455,-532.0321718373922,-532.0321688188635,-531.9873023617743,-531.8594376289001,-531.8750242242039,-531.9124463434804,-532.0321718373922,-531.8325183662234,-531.832705672185,-532.0321718373922,-531.8325183662243,-531.9573215758472,-531.987001252089,-531.9883031782017,-531.8220155096236,-531.8594372716127,-531.8594376289001,-531.9498684627569,-531.8968732551875,-531.8594376288914,-532.0321718373922,-531.8220155096236,-531.859437832847,-531.960364685666,-531.4367834822342,-531.9124463507619,-531.8855212419633,-531.8325183662243,-531.8968597727907,-531.7950962469479,-531.8593811634046,-531.7950962469479,-531.6992981574101,-532.0321718373922,-531.8594376289001,-532.0165873914706,-531.5482208571938,-531.4367834822342,-531.988077651207,-531.8325183662243,-531.8325184070088,-532.0321718373922,-531.8325183662243,-532.0321718373922,-531.8220155096236,-531.8968468496888,-531.9501073113868,-532.1047182908443,-531.8325183662243,-531.8325183662243,-531.7950962469921,-531.9124464981281,-531.9498684296688,-531.8750235965737,-531.8220154985189,-532.0321718373922,-532.0321718373922,-532.0321718373922,-531.9124463434804,-531.9374309511511,-531.9949816819764,-531.8325183662243,-531.7950962469479,-531.8004350798151,-531.8855270019171,-532.0173677912728,-531.9513721463619,-531.8325274185675,-531.8751473772289,-531.7950962469479,-531.979163100461,-531.4367834822342,-531.8325183662245,-531.9872886666905,-531.8750242252481,-532.0321718373922,-531.8594376289001,-531.934281867453,-532.0321717808507,-531.4367834822342,-532.0321718373922,-531.8594376289001,-531.6992981574101,-531.8325183662243,-531.8325183662243,-531.8594376289001,-531.8594376289001,-532.0321718373922,-532.0321718372146,-531.4367834822342,-532.0321718373922,-531.9124463434804,-531.9872907667789,-532.0321718373922,-531.8968597482839,-532.0321718373922,-531.9872905820333,-531.8594376386176,-531.9872905820333,-532.0321718364827,-532.0321718373922,-531.7950962469479,-532.0321718288383,-531.8325183662243,-532.0321718373922,-531.8325183662338,-531.8594376289001,-531.9804822731586,-531.9498684295218,-531.4367834822342,-531.8968597481833,-532.0321718373922,-532.0321718373922,-531.8594376289001,-531.8750219837509,-531.8699395595818,-532.0321718373922,-531.8596826789468,-531.9872905820333,-531.8325183662243,-531.8325183662245,-532.0321718373922,-531.9124463434516,-531.8325183662243,-531.7950962469479,-532.0030059131334,-532.0321718373922,-532.0321718373922,-531.926821759103,-532.0321718373905,-531.8749666076869,-531.6992978798279,-531.8968597481766,-531.987264898254,-531.6992981574101,-531.9268245985149,-532.0321718373922,-531.9124463434804,-531.94986846922,-531.9872905795065,-531.9124463435129,-531.8594376289001,20646.464646464647,8857.142857142857,393.74356015599346
-530.9924634981792,-530.9929272951395,-531.099071017737,-530.6276385432898,-530.9792021878776,-530.2839608210746,-530.0250707783238,-531.1232318267118,-530.6638225435062,-530.3802573997335,-530.8688988641497,-530.952282918732,-531.0166243071541,-531.0166243071541,-530.3396787553037,-530.9924595919634,-531.1364931370135,-531.6633954479066,-530.7265872074395,-530.9505393152425,-530.8703767518673,-530.732763267008,-531.1606539459883,-531.0858097071958,-530.4994356558747,-530.9062988303247,-531.1668438405552,-530.6020391360302,-530.8688782440297,-530.8898788172042,-530.9655442343545,-530.3416513317959,-530.81120300145,-530.2850516594748,-531.1312403588121,-530.9522828996799,-530.8266115719894,-531.0858097074354,-530.1558968395027,-530.696454398366,-530.4271256214757,-530.6725202450506,-530.8794003127206,-530.4157787320521,-531.2842138503621,-530.9308710322446,-530.1346699399392,-530.9792021878776,-530.7173183068082,-530.5836477445333,-530.9924634981592,-531.1737576696089,-530.4120947970249,-531.0164556157308,-530.48723971535,-530.7392339761902,-530.4781903214816,-530.9792020893874,-531.0296435460353,-530.881859681625,-531.1232321529505,-530.8462599963381,-530.952345399646,-530.8686122424531,-531.1364931370134,-530.2642408370353,-530.9074016698303,-531.1695121911167,-530.4248328091263,-530.7713576091461,-531.0588903978456,-531.0858097074419,-530.3345855294154,-530.3758486036929,-530.8041924137681,-531.0892778327516,-530.9896765322447,-530.7961072980085,-530.9792021878776,-530.2917963886679,-530.7156050730251,-531.0165103663858,-530.0818508876789,-530.9792021022162,-530.9897050444783,-530.5199128732992,-530.9062983383238,-530.1732210194768,-530.7522629038322,-530.1895864949201,-530.1581666178114,-531.6137442954281,-530.6573278027496,-530.9643055388169,-530.0253135656596,-530.1010160631117,-530.9939021561215,-530.3792936235524,-530.6725172123605,-531.0939429780017,-530.5709389197913,-531.1232318267118,-530.3205180974198,-530.6573278028602,-530.9792021878757,-531.3652777590019,-530.6487302215488,-530.2830956131693,-530.2336314454693,-531.0656661430705,-530.868876243736,-530.95228292393,-530.3246842179099,-531.1924599451587,-530.9792021878776,-531.1232318267118,-530.9522829234501,-530.8636990121723,-530.699439515376,-530.7099423719767,-530.1922756098639,-530.2274223757115,-530.8986966248754,-531.1736199969628,-530.8581121850953,-530.5017738991988,-530.8120044745377,-530.2137618850006,-530.6994395116523,-529.8705177548424,-530.5507202833026,-530.9669977224563,-530.9495019426377,-531.1668438407537,-530.9073988828325,-530.6501994385712,-531.1232288762591,-530.0370917961839,-531.0166243071541,-530.5507202817759,-530.1351828545622,-530.3541725343074,-530.6196846774626,-530.9522766815259,-530.5514932072048,-531.8396737122391,-531.1364886306909,-529.8748283975871,-531.3931830408745,-531.0166243071454,-530.9972858577314,-531.1801088403943,-530.9522829251852,-530.9792021878776,-531.1364931370132,-530.8064769858308,-530.9792021878776,-530.9997258711765,-531.2156269593605,-530.316422191082,-531.123231820426,-530.8406878165505,-530.9792021878767,-530.5953403413716,-530.8501659570609,-530.7099423726643,-531.123227671611,-530.1465848646153,-530.9895421409025,-531.2953582995991,-531.0858097074354,-530.7982196452325,-530.7260044997076,-530.7170327724334,-531.2897841545528,-530.9792021878776,-531.0166243071541,-530.3758486036929,-530.8855692017122,-531.2175272701282,-530.9370904753622,-530.6051373701099,-530.2350504007871,-531.0166242799658,-531.1232318266468,-531.0166243071541,-530.8855666757335,-531.3484481898537,-530.8742536667271,-530.1967341288802,-530.9522829252019,-531.0166243071541,-530.1235235880737,-530.3225175228537,-531.1761562877168,-530.9522829252019,-530.9792021872072,-531.1232207760658,-531.0166243071541,-530.7512257278635,18666.666666666668,6000.0,357.76540986345174
-526.4418834095982,-526.5699362937365,-527.0145732042594,-525.7940848376313,-526.4402275847941,-525.719473444604,-525.0418934710834,-526.6362865291878,-525.893407521292,-525.3053523218562,-526.2904237177092,-526.3484883944958,-526.444918575578,-526.5938938471395,-525.6275926965285,-526.6299518618474,-526.848668987795,-527.2459004808219,-525.8965731380032,-526.5169941539989,-525.8373462242816,-526.2317020508641,-526.7633117875473,-526.5017442678734,-525.9381753953824,-526.3448414860728,-526.6730734256153,-525.8444350802274,-526.3630052914638,-526.3707005574415,-526.4328947775323,-525.7340945279634,-526.072464429701,-525.2230423755727,-526.7569019764865,-526.2275475917934,-526.2152760310022,-526.6815832596685,-525.5233495842797,-525.8113112834451,-525.8341593137167,-525.7879243195034,-526.3221803893995,-525.9798410161591,-527.1279477367154,-526.1818025690055,-525.2901132656,-526.2821421860615,-525.9712920459673,-526.1188885606173,-526.525575308649,-526.7565286962574,-525.6845010012779,-526.2338197575433,-526.0460379030604,-526.0106740481921,-525.8326907502188,-526.3030791336558,-526.7294687284933,-526.4207903877033,-526.7257282332173,-526.0386583895151,-526.2348653788694,-526.4546380287713,-526.8206514104841,-525.619055366395,-525.9643720058364,-526.9338731899,-525.4535712785616,-526.0474507633966,-526.4226862983268,-526.5738237490109,-525.7004226499284,-525.8503230665149,-525.9213370156216,-526.5599254573787,-526.2338191940141,-526.0528542122406,-526.6872183005186,-525.536663865569,-526.1406566798844,-526.4149800361389,-524.966369936421,-526.2998655983724,-526.1443566818422,-525.6874968094147,-526.3275001425926,-525.4110923201456,-526.114858233103,-525.1296560952358,-525.5047034633164,-527.2468662376214,-525.830137228161,-526.3199456498877,-524.9588727506001,-525.1828283339478,-526.2356894389284,-525.784502165784,-525.8727614508588,-526.5829778769216,-525.7213699175305,-526.6464821549753,-525.8484178894694,-525.8373733198564,-526.4034363279013,-527.049784295077,-525.9342777293093,-525.8581566966657,-525.6991220040495,-526.4248317685723,-526.454082270508,-526.1016694044994,-525.6336449990047,-526.9843966923307,-526.428516640056,-526.6209240200069,-526.2282312772318,-526.1539537148057,-526.299386050814,-525.9383137647176,-525.3674214063902,-525.7078657515411,-526.1022790366474,-526.5912315440759,-526.341367794424,-525.7307402306709,-526.0991598651533,-525.6338154715869,-526.1248101404559,-524.9137236286797,-525.7093540833928,-526.3791640960955,-526.2430202546993,-526.7352890728787,-525.9568084090234,-526.2427106739902,-526.4879680408216,-525.3893014129354,-526.5062086639992,-525.7745769934203,-525.4540981773438,-525.799796865788,-525.794822865608,-525.9416143206704,-526.0394568579593,-527.2184270093812,-526.7044668982436,-525.2081526120337,-527.1458226470224,-526.4322436863315,-526.584756891696,-527.1394715478142,-526.160626142545,-526.5940833571384,-526.6597780454001,-526.0159913004468,-526.5162971949932,-526.371433965427,-526.9088546000297,-525.2755180234385,-526.5354420108451,-525.952121636177,-526.3989739226796,-525.9095999955778,-526.1692355458016,-526.1808862240687,-526.496090851316,-525.2481068014735,-526.1876607946998,-526.8155592070843,-526.6501338399436,-525.938973228819,-526.0343709188865,-525.9234862416562,-526.8774025982568,-526.2785788686186,-526.4947917802646,-525.6608501880719,-525.939184332886,-527.044286055471,-526.2470549025159,-525.7102307543994,-525.7105641620147,-526.4619249915759,-526.4857575346855,-526.5619228048968,-526.0642144300964,-526.981083691789,-526.026049272944,-525.2846155602882,-526.1864349658714,-526.360242365265,-525.4640588997846,-525.8179559800604,-526.8449300012084,-526.3050814447391,-526.3021787428247,-526.583860012458,-526.4065278999356,-525.9381754000153,16121.212121212122,12857.142857142857,575.526150767502
-522.5679909243512,-522.5042748053837,-522.995726563733,-522.1009840706713,-522.4689555609652,-521.9839770100649,-521.7884258263381,-522.6648497598815,-522.0938651878225,-521.9871225886261,-522.3582983691888,-522.4277981870879,-522.3469661436526,-522.4735515179161,-522.0539184281981,-522.506932141297,-522.9951046077593,-523.436107486835,-522.1849704744218,-522.5042748053837,-522.2399206288453,-522.2761246761902,-522.8128778307291,-522.5905651401566,-522.4620280299317,-522.44711883199,-522.7025428548799,-522.0861062224183,-522.3889676790632,-522.4622379339042,-522.3413701146953,-522.091672932583,-522.3399665988874,-521.9182303517618,-522.614765642283,-522.5972538703907,-522.2979311618383,-522.6599516983483,-521.9161282523169,-522.0906660008527,-522.1548163993649,-522.1188259713624,-522.442728897075,-522.1502210075105,-522.9660316560382,-522.264725618219,-521.8107208576799,-522.351335593844,-522.2968038229229,-522.2979290000727,-522.6066237554638,-522.8711078069001,-522.1006078540875,-522.3820049047779,-522.2593983958316,-522.3393578026129,-522.1195781566202,-522.253207137999,-522.6112622871066,-522.4820011977058,-522.6023012224315,-522.2781678654699,-522.2979311618384,-522.4427253491536,-522.7740831253515,-522.1030577715051,-522.237510568447,-522.7895034591476,-522.0350708025705,-522.2979311618383,-522.3399125700247,-522.7203487586244,-522.0771492393918,-522.1688652305018,-522.253207137999,-522.6378543877587,-522.3397582324969,-522.366439844366,-522.6445002876706,-522.1941306826684,-522.3048858790293,-522.4273242574002,-521.6905638185541,-522.4729043923361,-522.2952440065931,-522.0637004333144,-522.4003352390964,-521.8926648185519,-522.2303996272285,-521.7302734526108,-521.8254816390445,-523.2546132122225,-522.2021331014126,-522.4471330946582,-521.7884259401105,-521.8913483343684,-522.3257278729694,-522.093865216528,-522.1347376317482,-522.870125063083,-522.1492575113425,-522.7015928437523,-522.0089049679011,-522.2979310916154,-522.5754144809088,-523.0334921614158,-522.0731989815182,-522.0019740611634,-522.0928069117886,-522.5651598535401,-522.4537993306552,-522.3250671756837,-522.1153538618737,-522.9331849140024,-522.3583030890404,-522.7028335971661,-522.3386555656846,-522.2152216574237,-522.3212453297522,-522.1591592666967,-522.0190490131433,-522.010113812317,-522.2054161440088,-522.7853776249448,-522.4471210236936,-522.0203339379333,-522.4720167990212,-522.0592295139146,-522.3869047102022,-521.5020760239935,-522.123114741123,-522.5958336733232,-522.4471336091892,-522.8378241427827,-522.3202047690579,-522.3399446247068,-522.5872674141774,-521.6726354498378,-522.6435996983802,-522.0996061333171,-521.8796429875799,-521.9581651237964,-522.1348829501427,-522.242195403947,-522.2349498926029,-523.5381014520574,-522.9434568938572,-521.5789054971365,-523.2783317746952,-522.3513355949228,-522.6457103825256,-523.063827319935,-522.3868681820525,-522.5353547005678,-522.6524995683762,-522.4111024360416,-522.527259087114,-522.442728897121,-522.9200746713836,-522.0190501726064,-522.5257767407255,-522.268356617419,-522.7001761819448,-522.2781678978763,-522.3469308073098,-522.3468632255347,-522.6392912173429,-521.7883340956914,-522.3399680333179,-522.7490084435242,-522.4622379338998,-522.3017688831491,-522.1729570181963,-522.2397025618541,-522.9360908692778,-522.3594770914639,-522.5512792830312,-522.1323305477878,-522.2633657901971,-522.978435403028,-522.6528442960067,-522.1323308763073,-521.9879672384338,-522.3469289774079,-522.5257653383921,-522.4622379339042,-522.253207137999,-523.0594855186611,-522.2952259704913,-521.9143606503247,-522.3903038252138,-522.2979311618385,-521.9161282523169,-522.1534510672622,-522.9401534114861,-522.253207137999,-522.3896750685783,-522.504274805384,-522.3582968794149,-522.3513148626843,13292.929292929293,2285.714285714286,745.0047716087624
-522.7883372566242,-522.8303736884359,-523.044125668406,-522.4279252825597,-522.800692966363,-522.2901697188678,-521.8543627017841,-522.8792069468461,-522.6056598916408,-522.1517667064973,-522.7883368169563,-522.8303736884359,-522.8486309333883,-522.8707975270731,-522.1363046080215,-522.8303736884359,-522.9540431014036,-523.4598466032611,-522.7809493598066,-522.8656991119427,-522.7274548601766,-522.8303736884359,-522.9388506326151,-522.8486309337578,-522.4054230597407,-522.8303736884359,-522.8396861360623,-522.6087098558623,-522.8303736884359,-522.7883368169563,-522.8303736508904,-522.274059987161,-522.7614175542806,-522.0614603694687,-522.9481630802411,-522.8438782630319,-522.7883368169563,-522.8303736884359,-522.2901251178835,-522.5862076254082,-522.6602854222515,-522.5638962273879,-522.7883368169563,-522.7883368169563,-523.1067160318587,-522.6087098558623,-521.9836293400159,-522.7883351925244,-522.8034544257602,-522.6641468297763,-522.8303736884359,-522.8656653361002,-522.2750130388368,-522.8303736884359,-522.6507463374624,-522.650685907466,-522.5862076231588,-522.8438782643104,-522.8804129121162,-522.8303736884359,-522.9481630802412,-522.829214489609,-522.7883368169561,-522.8303736884359,-522.9200018610356,-522.251557756749,-522.4543921540813,-523.0348194559282,-522.4323735945862,-522.7614175542806,-522.9119313699393,-522.8486261592291,-522.2740599871612,-522.6507395802918,-522.4323451719971,-522.8563899225871,-522.6507467273418,-522.8506143775548,-522.7976492677197,-522.4474599312199,-522.7883368169563,-522.8303736884359,-521.9826917005383,-522.8303736884359,-522.4548445528706,-522.251557756749,-522.8833091852605,-522.251557756749,-522.6087098558622,-522.0001145043361,-522.0210514592942,-523.418175297926,-522.6087098558623,-522.8303736884359,-521.8851497730293,-522.0614514834512,-522.7883368169563,-522.4323423229171,-522.5734100421998,-522.8563899230879,-522.4054230597407,-522.8698842977029,-522.373521605035,-522.6507432616779,-522.8303736884359,-523.14106973102,-522.4548442854436,-522.4054230597585,-522.5817901440871,-522.8563899225852,-522.8303736884359,-522.6087098558623,-522.496716134783,-522.9323055835663,-522.7883368169563,-522.9388506326151,-522.8471572668979,-522.4968814243501,-522.8438782360597,-522.5190078333708,-522.0614603694686,-522.4054230597407,-522.6501196975331,-522.8531907119367,-522.7883368169563,-522.1203351872671,-522.8303736884359,-522.4054230597405,-522.8273202763196,-521.5563168437968,-522.4054230597407,-522.8303736884359,-522.8303736884359,-522.909053641458,-522.7838284840539,-522.7883368169563,-522.8531907119318,-522.0614603694663,-522.8792060764844,-522.6087098558622,-522.0310754697758,-522.1363046080215,-522.4323423169037,-522.7883368162067,-522.6087098558623,-523.665012378285,-522.8446054617286,-521.9462072207413,-523.4141349345917,-522.8303736884359,-522.9388506326151,-523.030205291916,-522.8303736884359,-522.8897349754552,-522.8531661953516,-522.7883368169563,-522.8303736884359,-522.8698944984599,-522.8920081966304,-521.928445769811,-522.8827122585454,-522.6238274189752,-522.8449423614073,-522.8531319262493,-522.869887330967,-522.7883368169563,-522.9119313699393,-522.1211995927634,-522.8698944984538,-522.9697219781708,-522.9388506326151,-522.821376033847,-522.7883225829595,-522.8065445994905,-523.0126011004296,-522.7883368169563,-522.8396861357751,-522.2784770194247,-522.7883368169563,-523.3509411443275,-522.8303736884359,-522.8078714579817,-522.2584415771757,-522.8173678123616,-522.879206945879,-522.8007342876228,-522.6507467273418,-523.1593153960425,-522.7883368169563,-522.0988824883289,-522.8303711435017,-522.8279573149744,-522.1362923519704,-522.6087098558623,-522.9388506883712,-522.7883368169563,-522.8438782541928,-522.8968137611356,-522.7883368014144,-522.7883368169563,11878.78787878788,9142.857142857143,546.3214328398298
-531.9733121179893,-531.966678601898,-532.0728094889495,-531.917188571488,-532.035387369673,-531.8423443424792,-531.4090038292749,-532.020194921834,-531.842344342484,-531.7309596576378,-531.9593024479632,-531.9441078437079,-531.9928992696921,-532.0215055618935,-531.8267577954414,-531.9682765460556,-532.0056985641756,-532.0728094889495,-531.8803732579811,-531.9530839958462,-531.9382179961332,-531.9441078437079,-532.0728094822083,-532.0264112183432,-531.8440636715636,-531.9441078437136,-532.0728094889492,-531.9016741970438,-531.970815609809,-532.0262757447944,-531.9441078437087,-531.7734655156172,-531.9171411901679,-531.7309596576378,-532.0728094889495,-531.9441078437079,-531.9441846075717,-532.0353873696542,-531.7465462511061,-531.8797664617557,-531.8423443424792,-531.9171881997813,-531.9171932788252,-531.9065891957204,-532.0728094889495,-531.959276280864,-531.4685104440595,-531.9592646211928,-531.9441074214961,-531.9171885810322,-531.9763531763147,-532.035387369673,-531.8423443424792,-531.9815299629844,-531.9408940008328,-531.9171885810322,-531.8792732957531,-531.9815299629844,-532.035387369673,-532.0264112183432,-532.0161385132837,-531.9441078437079,-531.9441399903712,-531.9441078437079,-532.0728094889495,-531.7465462529415,-531.9171885810322,-532.0728094889495,-531.7465462529415,-531.9613337449149,-531.9441672870787,-531.9659477626105,-531.9066167939736,-531.9171871718922,-531.9171885810309,-532.0043895745773,-531.9171886705722,-531.9171885810322,-532.035387369673,-531.7734655156172,-531.9441078437098,-531.9730596240137,-531.4090038655356,-531.9599962527587,-531.9171885810322,-531.8423443424792,-531.9815299629844,-531.734296593427,-531.9066857187522,-531.7294735276955,-531.7465462529415,-532.0728094889495,-531.9441078437079,-532.0638323400574,-531.4684449824618,-531.4840315777654,-532.0234889862547,-531.8213904914944,-531.9134262640389,-532.0264112183432,-531.8782602444904,-532.0728094889495,-531.8423537557211,-531.9441078437079,-531.9682764750767,-532.1453559424024,-531.9171885810322,-531.8632211827957,-531.7839683722179,-531.9441078437094,-531.9592861578807,-531.9171885810322,-531.7465812808276,-532.0728094889495,-532.0351992207069,-532.0638333376197,-531.9530765122528,-531.9171887359904,-531.9994919563754,-531.9171885810322,-531.7309596592931,-531.8692629214198,-531.9171885810322,-532.0564440225737,-531.9441079091497,-531.8631590296382,-531.9441078437079,-531.8423517213726,-531.9889665238388,-531.4684449824618,-531.8797664617557,-531.996724198453,-531.9171889361342,-532.0728094889495,-531.9171885810322,-531.9218782350517,-532.0353873696695,-531.4840297520333,-532.035387369673,-531.9066851496226,-531.7331625726334,-531.7465462529415,-531.9171885655836,-531.9212820208422,-531.9441078437079,-532.0728094889495,-532.03537608317,-531.4684449824618,-532.0728094889495,-531.9441042001401,-531.9983343406793,-532.1453559424024,-531.9441078437079,-532.0353873550023,-532.0151864578818,-531.9441078437079,-531.9621997609848,-532.0637359871397,-532.0728094889495,-531.7309596576378,-532.0264199628783,-531.9171885810322,-532.0353873696312,-531.8797664588931,-531.9441078437079,-531.9620694517174,-531.9592600428496,-531.4684449824618,-531.9441078437079,-532.0728094889495,-532.0638333370283,-531.9441078437079,-531.9171885728948,-531.9171885810322,-532.0728094889495,-531.9441078741194,-532.0056987026636,-531.8797664591458,-531.9171885810305,-532.0728094889495,-531.9441079169777,-531.8797664617557,-531.7465462529415,-532.0263123084852,-532.0728094889494,-532.0728094889495,-531.9889408945888,-532.0728094889466,-531.9171885810322,-531.6719926709128,-531.9171885810322,-531.9593003004736,-531.731422434282,-531.9458546356237,-532.0638333376197,-531.9441078437079,-531.9593002677423,-531.9966812732198,-531.9441078437079,-531.9172231098605,20646.464646464647,10285.714285714286,408.4192148254084
-531.2187880436467,-531.5065089231682,-531.7199804023405,-530.9210975860025,-531.2187880456879,-530.7509019414541,-530.3519645787665,-531.5487239479392,-530.9476837657368,-530.8830618737461,-531.2212411377084,-531.0974935415302,-531.2653620384738,-531.374127973826,-530.8275910704378,-531.5338385275788,-531.6797887342841,-531.8662279516858,-530.9813407800386,-531.3960403095326,-530.8981171600353,-530.9927588017184,-531.5467105415621,-531.3383825155754,-530.7831823936943,-531.2635814059612,-531.719583190377,-530.8168157045258,-531.2276854616159,-531.2653612593741,-531.1746034249429,-530.7859896221852,-530.9668444243789,-530.6047996468589,-531.4807354896321,-531.2229880263335,-531.2032009787597,-531.5441860286727,-530.7022827497013,-530.9744688801337,-530.8777001659289,-530.9571689982843,-531.1955987156593,-530.8140829003711,-531.8802981019577,-530.99088322719,-530.5404290767252,-531.2032014483427,-530.990780761839,-531.0522285391627,-531.2347963728399,-531.7090784018264,-530.7930152641853,-531.2653295790795,-530.864389211672,-530.9156335881373,-530.9526345113857,-531.13958389267,-531.391606596887,-531.1965055791953,-531.414021769898,-530.9717955381429,-530.9498200483132,-531.2853413473267,-531.6571697312268,-530.7174752021292,-530.9735375588028,-531.6630979732178,-530.8942616028006,-530.9668444243789,-531.1474646570272,-531.489776804005,-530.8856520879531,-530.722425631737,-530.9813407800576,-531.2435257353997,-531.0539319192802,-531.1982503345785,-531.3587788840175,-530.7022827522892,-531.1936504447687,-531.2048432362686,-530.3590772889229,-531.237038948466,-530.9610551553725,-530.9668444243789,-531.2951681864265,-530.7243472253728,-530.9140218142737,-530.6648548404831,-530.6271917410271,-531.9180217863535,-530.9813407800576,-531.1587537398163,-530.4477626695696,-530.4442134679623,-530.9735405995251,-530.722425466784,-530.8964729296471,-531.4947890029533,-530.9526325039196,-531.3961942376712,-530.8745337045099,-530.9037885847591,-531.4150938771675,-531.8357188353617,-530.9010309536139,-530.7516628805748,-530.748829285719,-531.4110926250836,-531.2279391400548,-530.9256448401549,-530.7174751828294,-531.8132161812641,-531.0983626532396,-531.5136882840757,-530.9993785853906,-531.0060784718124,-531.0060784718124,-530.8831271373908,-530.702282752221,-530.7674224958914,-530.9599161831035,-531.3078671173537,-531.2279310609446,-530.8280838860509,-531.2032014483341,-530.807656728246,-531.087848466481,-530.2258570801087,-530.9813407800576,-531.2653612593588,-531.0887937481388,-531.813216181264,-530.9077952421122,-531.0766699441739,-531.3335049847188,-530.5543701414613,-531.2799081478584,-530.9239614772038,-530.7172691754071,-530.7270147668045,-530.9812659465305,-530.845453041796,-530.9526348796537,-532.0636024535972,-531.5092123125369,-530.4014628641401,-531.8941629044991,-531.0829971858514,-531.6823538185407,-531.8955195558993,-531.1126859021155,-531.5027327528409,-531.280947854678,-531.0808531323238,-531.2279391400976,-531.1587537398163,-531.3078671173537,-530.5244862031126,-531.3984351745942,-530.8419576631728,-531.2283332596509,-530.8430496165751,-531.1368221504838,-531.1250967246933,-531.2032014483428,-530.6095407504204,-531.0795486830928,-531.7839245762663,-531.3702512588637,-530.9288924130444,-530.8587022164429,-530.9813407800576,-531.811229971424,-531.2032014483428,-531.1369202085515,-530.7360993023359,-531.0965385745739,-531.8288058291743,-531.2301206899978,-530.9239668617715,-530.7022827522892,-531.2482156063307,-531.2809478546785,-531.280947854678,-530.9347937917764,-531.8955195558993,-531.0870464096303,-530.5404300107887,-531.2448982486571,-531.1213316114993,-530.7022827522892,-530.9352434397597,-531.8506383002309,-531.096593928785,-531.121331620458,-531.455666021803,-531.1126859769482,-531.0887921503389,19232.323232323233,9142.857142857143,402.86044941343056
-521.9756216386493,-522.04826845716,-522.5598756601298,-521.6469418308202,-522.0307343171991,-521.5720977589489,-521.4829468862221,-522.1974628410231,-521.6469338603316,-521.5300607206891,-521.8819797018365,-521.8842534524018,-522.0312849935003,-521.9653916741815,-521.5720975920857,-522.042418377193,-522.333177460684,-522.9530942204303,-521.6604671460617,-521.9656735354705,-521.7217817937528,-521.7535478905427,-522.2408325965289,-522.0854761166466,-521.6978685258724,-521.847259106345,-522.2461793058047,-521.6469418307136,-522.0375445210925,-521.9690322335377,-521.7897722657667,-521.6049049592463,-521.7727113151071,-521.5300607206891,-521.9777644515981,-521.8678487070115,-521.7720517611297,-522.0439200110924,-521.5300607206891,-521.5720976031913,-521.5720975923011,-521.5720995435356,-521.8294741570769,-521.7201454096306,-522.5623466666993,-521.7879052141119,-521.4880238492095,-521.8050934121102,-521.7674258202418,-521.7565526155267,-522.0507792868569,-522.3199614479871,-521.5720975921707,-522.0243344020425,-521.7147606700988,-521.7487952210233,-521.6423879045498,-521.747802303408,-522.2244825958951,-522.0359921546886,-522.1404840456721,-521.7400433146668,-521.7487952210234,-521.8697889077474,-522.2759482736473,-521.5720975929216,-521.7591849392763,-522.3366137340081,-521.5720975921686,-521.8027741756849,-521.7922055114195,-522.243246846402,-521.684363802812,-521.7352759595658,-521.7743994269761,-522.0744522044749,-521.7400424130856,-521.8288311193201,-522.1899818344896,-521.5856018961115,-521.8014097901366,-521.9297683984367,-521.4880238492095,-521.9785620314999,-521.6972478993839,-521.5300607206891,-521.9971400032305,-521.5300607101836,-521.6843639499979,-521.4880238492095,-521.4880238492095,-522.5747912295556,-521.6845228526518,-521.8265985776294,-521.4880238492095,-521.5300607206891,-521.787905215876,-521.6469418307211,-521.6843639582681,-522.2302555404417,-521.5720975947509,-522.2641281869663,-521.6470385933677,-521.7475472164181,-522.1040886622167,-522.5146054617114,-521.6469418307236,-521.609521331161,-521.6469435743919,-521.9172566119253,-521.8630598894872,-521.7484443818186,-521.5777792474651,-522.5083674153256,-521.8760584256562,-522.2430089825342,-521.8424738613625,-521.8545241073715,-521.8236717457592,-521.6843645096503,-521.5720975921686,-521.5720975921686,-521.7523929943892,-522.2945964900684,-521.8279894470368,-521.6095100754511,-521.9776021421603,-521.5720975921702,-521.8064204682241,-521.4880238492094,-521.6929321013919,-522.1381707731225,-521.8144329393556,-522.3554819025212,-521.7961756933474,-521.8010593772041,-522.0730720446215,-521.4880238492095,-521.9117177581649,-521.6469418418584,-521.4880238492095,-521.5674826128135,-521.6843383582129,-521.721786069271,-521.7352906451489,-522.9812379496531,-522.3756757364782,-521.4880238492095,-522.7138585607582,-521.7909700095365,-522.1927372325587,-522.7020703893531,-521.8627705278359,-522.1577306748919,-522.0014154893183,-521.7535477344129,-522.0287412768549,-521.7748114683163,-522.1379137856318,-521.5300607206891,-521.9239324508601,-521.7352906451488,-522.0891566989036,-521.7400433146688,-521.7613068792982,-521.7487952095374,-521.9985336189346,-521.5720975921686,-521.7748114265748,-522.3256388067234,-522.1503510110309,-521.7430496327157,-521.6843639499979,-521.7101195015598,-522.6179966463942,-521.8835649721352,-522.0485478449353,-521.5720975921686,-521.7352906451489,-522.5375318697106,-522.0356472777908,-521.6230295443007,-521.5720975921686,-521.853522774013,-522.1154522415994,-522.0142290306442,-521.7460374210044,-522.4527640639893,-521.8072206389013,-521.5300607206891,-521.9512067454797,-521.7535568968417,-521.5300498104439,-521.6843639500026,-522.493156065982,-521.7974496053298,-521.9314145444504,-522.0318048975743,-521.7939763308361,-521.7909699750654,13010.10101010101,7142.857142857143,567.8808285513031
-528.0430585655647,-528.0430585655647,-528.0430585655647,-528.0430585655647,-528.0430585655647,-528.0430585655647,-528.0430585655647,-528.0430585655647,-528.0430585655647,-528.0430585655647,-528.0430585655647,-528.0430585655647,-528.0430585655647,-528.0430585655647,-528.0430585655647,-528.0430585655647,-528.0430585655647,-528.0430585655647,-528.0430585655647,-528.0430585655647,-528.0430585655647,-528.0430585655647,-528.0430585655647,-528.0430585655647,-528.0430585655647,-528.0430585655647,-528.0430585655647,-528.0430585655647,-528.0430585655647,-528.0430585655647,-528.0430585655647,-528.0430585655647,-528.0430585655647,-528.0430585655647,-528.0430585655647,-528.0430585655647,-528.0430585655647,-528.0430585655647,-528.0430585655647,-528.0430585655647,-528.0430585655647,-528.0430585655647,-528.0430585655647,-528.0430585655647,-528.0430585655647,-528.0430585655647,-528.0430585655647,-528.0430585655647,-528.0430585655647,-528.0430585655647,-528.0430585655647,-528.0430585655647,-528.0430585655647,-528.0430585655647,-528.0430585655647,-528.0430585655647,-528.0430585655647,-528.0430585655647,-528.0430585655647,-528.0430585655647,-528.0430585655647,-528.0430585655647,-528.0430585655647,-528.0430585655647,-528.0430585655647,-528.0430585655647,-528.0430585655647,-528.0430585655647,-528.0430585655647,-528.0430585655647,-528.0430585655647,-528.0430585655647,-528.0430585655647,-528.0430585655647,-528.0430585655647,-528.0430585655647,-528.0430585655647,-528.0430585655647,-528.0430585655647,-528.0430585655647,-528.0430585655647,-528.0430585655647,-528.0430585655647,-528.0430585655647,-528.0430585655647,-528.0430585655647,-528.0430585655647,-528.0430585655647,-528.0430585655647,-528.0430585655647,-528.0430585655647,-528.0430585655647,-528.0430585655647,-528.0430585655647,-528.0430585655647,-528.0430585655647,-528.0430585655647,-528.0430585655647,-528.0430585655647,-528.0430585655647,-528.0430585655647,-528.0430585655647,-528.0430585655647,-528.0430585655647,-528.0430585655647,-528.0430585655647,-528.0430585655647,-528.0430585655647,-528.0430585655647,-528.0430585655647,-528.0430585655647,-528.0430585655647,-528.0430585655647,-528.0430585655647,-528.0430585655647,-528.0430585655647,-528.0430585655647,-528.0430585655647,-528.0430585655647,-528.0430585655647,-528.0430585655647,-528.0430585655647,-528.0430585655647,-528.0430585655647,-528.0430585655647,-528.0430585655647,-528.0430585655647,-528.0430585655647,-528.0430585655647,-528.0430585655647,-528.0430585655647,-528.0430585655647,-528.0430585655647,-528.0430585655647,-528.0430585655647,-528.0430585655647,-528.0430585655647,-528.0430585655647,-528.0430585655647,-528.0430585655647,-528.0430585655647,-528.0430585655647,-528.0430585655647,-528.0430585655647,-528.0430585655647,-528.0430585655647,-528.0430585655647,-528.0430585655647,-528.0430585655647,-528.0430585655647,-528.0430585655647,-528.0430585655647,-528.0430585655647,-528.0430585655647,-528.0430585655647,-528.0430585655647,-528.0430585655647,-528.0430585655647,-528.0430585655647,-528.0430585655647,-528.0430585655647,-528.0430585655647,-528.0430585655647,-528.0430585655647,-528.0430585655647,-528.0430585655647,-528.0430585655647,-528.0430585655647,-528.0430585655647,-528.0430585655647,-528.0430585655647,-528.0430585655647,-528.0430585655647,-528.0430585655647,-528.0430585655647,-528.0430585655647,-528.0430585655647,-528.0430585655647,-528.0430585655647,-528.0430585655647,-528.0430585655647,-528.0430585655647,-528.0430585655647,-528.0430585655647,-528.0430585655647,-528.0430585655647,-528.0430585655647,-528.0430585655647,-528.0430585655647,-528.0430585655647,-528.0430585655647,-528.0430585655647,-528.0430585655647,-528.0430585655647,-528.0430585655647,-528.0430585655647,-528.0430585655647,-528.0430585655647,-528.0430585655647,-528.0430585655647,26868.68686868687,285.7142857142857,717.3513808884663
